"URL","Primary informational intent","Supports","Status","Reason","Next safe action"
"/blog/skilky-koshtuye-klining-u-cherkasakh-2026","вартість клінінгу у Черкасах","/prices","KEEP","Distinct price-guide intent","Refresh only when prices or verified date change"
"/blog/yak-pidgotuvaty-kvartyru-do-prybyrannya-cherkasy","підготовка квартири до професійного прибирання у Черкасах","/prybyrannya-kvartyr-cherkasy","KEEP","Local and task-specific guide","Keep contextual apartment link"
"/blog/prybyrannya-kvartyr-cherkasy","що входить у професійне прибирання квартири","/prybyrannya-kvartyr-cherkasy","KEEP","Informational scope, not a transactional landing","Monitor query mapping"
"/blog/skilky-koshtuye-prybyrannya-pislya-remontu-u-cherkasakh","ціна прибирання після ремонту","/prybyrannya-pislya-remontu-cherkasy","KEEP","Distinct pricing explainer","Keep prices synchronized with /prices"
"/blog/shcho-vkhodyt-u-generalne-prybyrannya-kvartyry","склад генерального прибирання квартири","/generalne-prybyrannya-kvartyry-cherkasy","KEEP","Supports narrow general-apartment intent","Review if it starts outranking the landing"
"/blog/yak-obraty-kliningovu-kompaniyu-u-cherkasakh","вибір клінінгової компанії","/","KEEP","Trust-focused informational intent","Add only verifiable selection criteria"
"/blog/chomu-budivelnyi-pyl-nebezpechnyi-pislya-remontu","ризики будівельного пилу","/prybyrannya-pislya-remontu-cherkasy","KEEP","Specific post-renovation problem","Avoid unsupported health claims"
"/blog/yak-pidgotuvaty-kvartyru-do-prybyrannya","загальний чек-лист підготовки квартири","/prybyrannya-kvartyr-cherkasy","UPDATE","Overlaps the local preparation article","Differentiate as a concise checklist; consider merge only after GSC review and owner approval"
"/blog/generalne-ta-pidtrymuyuche-prybyrannya-riznytsya","різниця між генеральним і підтримуючим прибиранням","/generalne-prybyrannya-cherkasy","KEEP","Clear comparison intent","Link to both narrow service pages naturally"
"/blog/yak-chasto-potribno-robyty-himchystku-dyvana","частота хімчистки дивана","/himchystka-mebliv-cherkasy","KEEP","Specific care question","Retain sofa landing link"
"/blog/myttya-vikon-pislya-remontu","миття вікон після ремонту","/myttya-vikon-cherkasy","KEEP","Specific window condition","Keep post-renovation context secondary"
"/blog/prybyrannya-kvartyry-pislya-orendariv","прибирання квартири після орендарів","/prybyrannya-kvartyr-cherkasy","KEEP","Distinct situation","Add a verified case only when available"
"/blog/yak-prybraty-kvartyru-pered-prodazhem-orendoyu","підготовка квартири до продажу або оренди","/prybyrannya-kvartyr-cherkasy","KEEP","Distinct life-event intent","Keep practical rather than transactional"
"/blog/yaki-zasoby-vykorystovuyut-profesiyni-klinery","професійні засоби для клінінгу","/","KEEP","Expertise/trust topic","Name brands only with confirmation"
"/blog/yak-prybyraty-ofis-shchodnya","щоденна чистота офісу","/prybyrannya-ofisiv-cherkasy","KEEP","Supports office landing","Add verified workplace checklist if available"
"/blog/himchystka-matratsa-koly-potribna","ознаки потреби у хімчистці матраца","/himchystka-mebliv-cherkasy","KEEP","Information intent and local CTA exist","Keep direct mattress landing CTA"
"/blog/prybyrannya-budynku-pislya-remontu","особливості прибирання будинку після ремонту","/prybyrannya-budynkiv-cherkasy","KEEP","House-specific supporting topic","Cross-link renovation landing without changing ownership"
"/blog/yak-doglyadaty-za-plytkoyu-pislya-remontu","догляд за плиткою після ремонту","/myttya-plytky-cherkasy","KEEP","Surface-specific care guide","Avoid universal chemical recommendations"
"/blog/top-pomylok-pry-prybyranni-pislya-remontu","помилки самостійного прибирання після ремонту","/prybyrannya-pislya-remontu-cherkasy","KEEP","Distinct problem-solving intent","Keep list evidence-based"
"/blog/oznaky-profesiynoyi-kliningovoyi-kompaniyi","ознаки професійної компанії","/","UPDATE","Close to company-selection article","Differentiate as an operational checklist; merge only after GSC review and owner approval"
"/blog/klinerka-chy-kliningova-kompaniya","приватний клінер проти компанії","/","KEEP","Clear comparison intent","Avoid claims that cannot be proven"
"/blog/yak-pidgotuvaty-ofis-do-regulyarnogo-kliningu","підготовка офісу до регулярного клінінгу","/prybyrannya-ofisiv-cherkasy","KEEP","Specific B2B preparation intent","Link recurring B2B service contextually"
"/blog/razove-chy-regulyarne-prybyrannya","разове проти регулярного прибирання","/rehulyarne-prybyrannya-biznesu-cherkasy","KEEP","Broad service-model comparison","Keep business angle explicit"
