"URL A","URL B","Similarity","Class"
"/prybyrannya-pislya-potopu-cherkasy","/prybyrannya-komertsiynykh-prymishchen-cherkasy","40.1%","REVIEW"
"/prybyrannya-prylegloyi-terytoriyi-cherkasy","/prybyrannya-komertsiynykh-prymishchen-cherkasy","32.0%","REVIEW"
"/prybyrannya-pislya-potopu-cherkasy","/prybyrannya-prylegloyi-terytoriyi-cherkasy","31.4%","REVIEW"
"/prybyrannya-prylegloyi-terytoriyi-cherkasy","/prybyrannya-budynkiv-cherkasy","21.5%","OK"
"/pidtrymuyuche-prybyrannya-kvartyr-cherkasy","/generalne-prybyrannya-kvartyry-cherkasy","20.3%","OK"
"/generalne-prybyrannya-kuhni-cherkasy","/prybyrannya-komertsiynykh-prymishchen-cherkasy","19.7%","OK"
"/pidtrymuyuche-prybyrannya-kvartyr-cherkasy","/prybyrannya-komertsiynykh-prymishchen-cherkasy","19.3%","OK"
"/pidtrymuyuche-prybyrannya-kvartyr-cherkasy","/generalne-prybyrannya-kuhni-cherkasy","18.0%","OK"
"/generalne-prybyrannya-kuhni-cherkasy","/prybyrannya-pislya-potopu-cherkasy","17.5%","OK"
"/pidtrymuyuche-prybyrannya-kvartyr-cherkasy","/prybyrannya-pislya-potopu-cherkasy","17.1%","OK"
"/generalne-prybyrannya-kuhni-cherkasy","/prybyrannya-prylegloyi-terytoriyi-cherkasy","16.4%","OK"
"/pidtrymuyuche-prybyrannya-kvartyr-cherkasy","/prybyrannya-prylegloyi-terytoriyi-cherkasy","15.8%","OK"
"/generalne-prybyrannya-cherkasy","/generalne-prybyrannya-kuhni-cherkasy","15.6%","OK"
"/prybyrannya-pislya-potopu-cherkasy","/prybyrannya-budynkiv-cherkasy","15.0%","OK"
"/generalne-prybyrannya-kvartyry-cherkasy","/generalne-prybyrannya-kuhni-cherkasy","14.9%","OK"
"/prybyrannya-kvartyr-cherkasy","/pidtrymuyuche-prybyrannya-kvartyr-cherkasy","14.0%","OK"
"/prybyrannya-budynkiv-cherkasy","/prybyrannya-komertsiynykh-prymishchen-cherkasy","13.7%","OK"
"/prybyrannya-prylegloyi-terytoriyi-cherkasy","/dezinfektsiya-prymishchen-cherkasy","13.5%","OK"
"/prybyrannya-prylegloyi-terytoriyi-cherkasy","/himchystka-kylymiv-cherkasy","12.9%","OK"
"/prybyrannya-pislya-pozhezhi-cherkasy","/prybyrannya-prylegloyi-terytoriyi-cherkasy","12.8%","OK"
"/myttya-fasadiv-cherkasy","/myttya-plytky-cherkasy","12.6%","OK"
"/prybyrannya-pislya-potopu-cherkasy","/prybyrannya-pislya-pozhezhi-cherkasy","12.4%","OK"
"/generalne-prybyrannya-kvartyry-cherkasy","/prybyrannya-komertsiynykh-prymishchen-cherkasy","11.7%","OK"
"/prybyrannya-budynkiv-cherkasy","/dezinfektsiya-prymishchen-cherkasy","11.5%","OK"
"/himchystka-mebliv-cherkasy","/himchystka-dyvana-cherkasy","11.5%","OK"
"/prybyrannya-pislya-pozhezhi-cherkasy","/prybyrannya-budynkiv-cherkasy","11.1%","OK"
"/prybyrannya-pislya-pozhezhi-cherkasy","/prybyrannya-komertsiynykh-prymishchen-cherkasy","11.1%","OK"
"/prybyrannya-budynkiv-cherkasy","/himchystka-kylymiv-cherkasy","11.1%","OK"
"/generalne-prybyrannya-kvartyry-cherkasy","/prybyrannya-pislya-potopu-cherkasy","10.9%","OK"
"/prybyrannya-pislya-potopu-cherkasy","/himchystka-kylymiv-cherkasy","10.8%","OK"
"/prybyrannya-komertsiynykh-prymishchen-cherkasy","/myttya-plytky-cherkasy","10.8%","OK"
"/prybyrannya-prylegloyi-terytoriyi-cherkasy","/myttya-fasadiv-cherkasy","10.7%","OK"
"/prybyrannya-kvartyr-cherkasy","/generalne-prybyrannya-kvartyry-cherkasy","10.3%","OK"
"/generalne-prybyrannya-kvartyry-cherkasy","/prybyrannya-prylegloyi-terytoriyi-cherkasy","10.3%","OK"
"/prybyrannya-pislya-potopu-cherkasy","/myttya-plytky-cherkasy","10.1%","OK"
"/prybyrannya-prylegloyi-terytoriyi-cherkasy","/himchystka-avto-cherkasy","9.9%","OK"
"/himchystka-dyvana-cherkasy","/himchystka-matratsa-cherkasy","9.9%","OK"
"/myttya-vikon-cherkasy","/prybyrannya-komertsiynykh-prymishchen-cherkasy","9.8%","OK"
"/prybyrannya-komertsiynykh-prymishchen-cherkasy","/myttya-fasadiv-cherkasy","9.8%","OK"
"/generalne-prybyrannya-kuhni-cherkasy","/prybyrannya-budynkiv-cherkasy","9.7%","OK"
"/prybyrannya-pislya-potopu-cherkasy","/dezinfektsiya-prymishchen-cherkasy","9.6%","OK"
"/prybyrannya-prylegloyi-terytoriyi-cherkasy","/myttya-plytky-cherkasy","9.6%","OK"
"/prybyrannya-komertsiynykh-prymishchen-cherkasy","/himchystka-kylymiv-cherkasy","9.6%","OK"
"/generalne-prybyrannya-cherkasy","/generalne-prybyrannya-kvartyry-cherkasy","9.3%","OK"
"/prybyrannya-pislya-potopu-cherkasy","/myttya-vikon-cherkasy","9.3%","OK"
"/prybyrannya-pislya-potopu-cherkasy","/myttya-fasadiv-cherkasy","9.3%","OK"
"/prybyrannya-prylegloyi-terytoriyi-cherkasy","/himchystka-matratsa-cherkasy","9.3%","OK"
"/prybyrannya-pislya-pozhezhi-cherkasy","/himchystka-kylymiv-cherkasy","9.2%","OK"
"/pidtrymuyuche-prybyrannya-kvartyr-cherkasy","/prybyrannya-budynkiv-cherkasy","9.0%","OK"
"/generalne-prybyrannya-kuhni-cherkasy","/myttya-plytky-cherkasy","9.0%","OK"
"/prybyrannya-budynkiv-cherkasy","/myttya-fasadiv-cherkasy","9.0%","OK"
"/himchystka-matratsa-cherkasy","/himchystka-kylymiv-cherkasy","9.0%","OK"
"/prybyrannya-prylegloyi-terytoriyi-cherkasy","/myttya-vikon-cherkasy","8.9%","OK"
"/prybyrannya-budynkiv-cherkasy","/himchystka-avto-cherkasy","8.9%","OK"
"/generalne-prybyrannya-cherkasy","/pidtrymuyuche-prybyrannya-kvartyr-cherkasy","8.7%","OK"
"/prybyrannya-pislya-potopu-cherkasy","/himchystka-matratsa-cherkasy","8.6%","OK"
"/generalne-prybyrannya-kuhni-cherkasy","/myttya-fasadiv-cherkasy","8.5%","OK"
"/prybyrannya-komertsiynykh-prymishchen-cherkasy","/dezinfektsiya-prymishchen-cherkasy","8.5%","OK"
"/himchystka-kylymiv-cherkasy","/dezinfektsiya-prymishchen-cherkasy","8.5%","OK"
"/prybyrannya-pislya-potopu-cherkasy","/himchystka-dyvana-cherkasy","8.4%","OK"
"/prybyrannya-pislya-pozhezhi-cherkasy","/dezinfektsiya-prymishchen-cherkasy","8.3%","OK"
"/prybyrannya-prylegloyi-terytoriyi-cherkasy","/himchystka-dyvana-cherkasy","8.2%","OK"
"/prybyrannya-budynkiv-cherkasy","/myttya-plytky-cherkasy","8.2%","OK"
"/prybyrannya-pislya-potopu-cherkasy","/himchystka-avto-cherkasy","8.0%","OK"
"/himchystka-avto-cherkasy","/himchystka-kylymiv-cherkasy","8.0%","OK"
"/prybyrannya-budynkiv-cherkasy","/himchystka-matratsa-cherkasy","7.9%","OK"
"/prybyrannya-budynkiv-cherkasy","/myttya-vikon-cherkasy","7.9%","OK"
"/prybyrannya-prylegloyi-terytoriyi-cherkasy","/himchystka-krisel-cherkasy","7.8%","OK"
"/generalne-prybyrannya-kuhni-cherkasy","/prybyrannya-pislya-pozhezhi-cherkasy","7.6%","OK"
"/generalne-prybyrannya-kuhni-cherkasy","/myttya-vikon-cherkasy","7.3%","OK"
"/himchystka-mebliv-cherkasy","/himchystka-matratsa-cherkasy","7.3%","OK"
"/himchystka-dyvana-cherkasy","/himchystka-kylymiv-cherkasy","7.3%","OK"
"/himchystka-matratsa-cherkasy","/prybyrannya-komertsiynykh-prymishchen-cherkasy","7.3%","OK"
"/himchystka-kylymiv-cherkasy","/myttya-fasadiv-cherkasy","7.3%","OK"
"/prybyrannya-pislya-pozhezhi-cherkasy","/himchystka-avto-cherkasy","7.2%","OK"
"/himchystka-dyvana-cherkasy","/prybyrannya-komertsiynykh-prymishchen-cherkasy","7.2%","OK"
"/pidtrymuyuche-prybyrannya-kvartyr-cherkasy","/myttya-plytky-cherkasy","7.1%","OK"
"/generalne-prybyrannya-kuhni-cherkasy","/himchystka-kylymiv-cherkasy","7.1%","OK"
"/prybyrannya-pislya-pozhezhi-cherkasy","/himchystka-matratsa-cherkasy","7.1%","OK"
"/prybyrannya-budynkiv-cherkasy","/himchystka-dyvana-cherkasy","7.1%","OK"
"/generalne-prybyrannya-cherkasy","/prybyrannya-komertsiynykh-prymishchen-cherkasy","7.0%","OK"
"/pidtrymuyuche-prybyrannya-kvartyr-cherkasy","/prybyrannya-pislya-pozhezhi-cherkasy","7.0%","OK"
"/pidtrymuyuche-prybyrannya-kvartyr-cherkasy","/myttya-vikon-cherkasy","7.0%","OK"
"/himchystka-avto-cherkasy","/prybyrannya-komertsiynykh-prymishchen-cherkasy","7.0%","OK"
"/himchystka-avto-cherkasy","/dezinfektsiya-prymishchen-cherkasy","7.0%","OK"
"/dezinfektsiya-prymishchen-cherkasy","/myttya-fasadiv-cherkasy","7.0%","OK"
"/pidtrymuyuche-prybyrannya-kvartyr-cherkasy","/myttya-fasadiv-cherkasy","6.9%","OK"
"/prybyrannya-pislya-pozhezhi-cherkasy","/myttya-vikon-cherkasy","6.9%","OK"
"/prybyrannya-pislya-pozhezhi-cherkasy","/myttya-plytky-cherkasy","6.9%","OK"
"/generalne-prybyrannya-kuhni-cherkasy","/himchystka-dyvana-cherkasy","6.8%","OK"
"/generalne-prybyrannya-cherkasy","/prybyrannya-pislya-potopu-cherkasy","6.7%","OK"
"/pidtrymuyuche-prybyrannya-kvartyr-cherkasy","/himchystka-kylymiv-cherkasy","6.6%","OK"
"/prybyrannya-pislya-pozhezhi-cherkasy","/myttya-fasadiv-cherkasy","6.6%","OK"
"/myttya-vikon-cherkasy","/himchystka-kylymiv-cherkasy","6.6%","OK"
"/myttya-vikon-cherkasy","/myttya-plytky-cherkasy","6.6%","OK"
"/himchystka-kylymiv-cherkasy","/myttya-plytky-cherkasy","6.6%","OK"
"/prybyrannya-kvartyr-cherkasy","/generalne-prybyrannya-cherkasy","6.5%","OK"
"/generalne-prybyrannya-cherkasy","/prybyrannya-budynkiv-cherkasy","6.5%","OK"
"/pidtrymuyuche-prybyrannya-kvartyr-cherkasy","/himchystka-matratsa-cherkasy","6.5%","OK"
"/generalne-prybyrannya-kvartyry-cherkasy","/prybyrannya-budynkiv-cherkasy","6.5%","OK"
"/generalne-prybyrannya-kuhni-cherkasy","/himchystka-matratsa-cherkasy","6.5%","OK"
"/generalne-prybyrannya-cherkasy","/prybyrannya-prylegloyi-terytoriyi-cherkasy","6.4%","OK"
"/pidtrymuyuche-prybyrannya-kvartyr-cherkasy","/himchystka-dyvana-cherkasy","6.4%","OK"
"/pidtrymuyuche-prybyrannya-kvartyr-cherkasy","/prybyrannya-pislya-remontu-cherkasy","6.3%","OK"
"/generalne-prybyrannya-kuhni-cherkasy","/prybyrannya-pislya-remontu-cherkasy","6.3%","OK"
"/prybyrannya-pislya-pozhezhi-cherkasy","/himchystka-dyvana-cherkasy","6.3%","OK"
"/prybyrannya-budynkiv-cherkasy","/himchystka-krisel-cherkasy","6.3%","OK"
"/himchystka-matratsa-cherkasy","/himchystka-avto-cherkasy","6.3%","OK"
"/myttya-vikon-cherkasy","/myttya-fasadiv-cherkasy","6.3%","OK"
"/prybyrannya-kvartyr-cherkasy","/generalne-prybyrannya-kuhni-cherkasy","6.1%","OK"
"/generalne-prybyrannya-kuhni-cherkasy","/dezinfektsiya-prymishchen-cherkasy","6.1%","OK"
"/prybyrannya-pislya-remontu-cherkasy","/prybyrannya-komertsiynykh-prymishchen-cherkasy","6.1%","OK"
"/dezinfektsiya-prymishchen-cherkasy","/myttya-plytky-cherkasy","6.1%","OK"
"/generalne-prybyrannya-cherkasy","/myttya-plytky-cherkasy","6.0%","OK"
"/prybyrannya-pislya-remontu-cherkasy","/prybyrannya-pislya-potopu-cherkasy","6.0%","OK"
"/himchystka-dyvana-cherkasy","/himchystka-avto-cherkasy","5.9%","OK"
"/himchystka-matratsa-cherkasy","/dezinfektsiya-prymishchen-cherkasy","5.9%","OK"
"/generalne-prybyrannya-cherkasy","/myttya-fasadiv-cherkasy","5.7%","OK"
"/himchystka-mebliv-cherkasy","/himchystka-kylymiv-cherkasy","5.7%","OK"
"/myttya-vikon-cherkasy","/dezinfektsiya-prymishchen-cherkasy","5.7%","OK"
"/pidtrymuyuche-prybyrannya-kvartyr-cherkasy","/dezinfektsiya-prymishchen-cherkasy","5.6%","OK"
"/generalne-prybyrannya-kvartyry-cherkasy","/myttya-vikon-cherkasy","5.6%","OK"
"/generalne-prybyrannya-kuhni-cherkasy","/himchystka-avto-cherkasy","5.6%","OK"
"/prybyrannya-pislya-remontu-cherkasy","/myttya-plytky-cherkasy","5.6%","OK"
"/prybyrannya-pislya-remontu-cherkasy","/prybyrannya-prylegloyi-terytoriyi-cherkasy","5.5%","OK"
"/prybyrannya-pislya-remontu-cherkasy","/myttya-fasadiv-cherkasy","5.5%","OK"
"/generalne-prybyrannya-cherkasy","/myttya-vikon-cherkasy","5.4%","OK"
"/generalne-prybyrannya-kvartyry-cherkasy","/prybyrannya-pislya-remontu-cherkasy","5.4%","OK"
"/generalne-prybyrannya-kvartyry-cherkasy","/myttya-plytky-cherkasy","5.4%","OK"
"/himchystka-dyvana-cherkasy","/dezinfektsiya-prymishchen-cherkasy","5.4%","OK"
"/himchystka-kylymiv-cherkasy","/himchystka-kovrolinu-cherkasy","5.4%","OK"
"/generalne-prybyrannya-kvartyry-cherkasy","/prybyrannya-pislya-pozhezhi-cherkasy","5.3%","OK"
"/generalne-prybyrannya-kvartyry-cherkasy","/himchystka-kylymiv-cherkasy","5.3%","OK"
"/himchystka-avto-cherkasy","/myttya-vikon-cherkasy","5.3%","OK"
"/himchystka-avto-cherkasy","/myttya-plytky-cherkasy","5.3%","OK"
"/generalne-prybyrannya-cherkasy","/prybyrannya-pislya-remontu-cherkasy","5.2%","OK"
"/generalne-prybyrannya-kvartyry-cherkasy","/himchystka-matratsa-cherkasy","5.2%","OK"
"/generalne-prybyrannya-kvartyry-cherkasy","/myttya-fasadiv-cherkasy","5.2%","OK"
"/prybyrannya-prylegloyi-terytoriyi-cherkasy","/himchystka-kovrolinu-cherkasy","5.2%","OK"
"/himchystka-krisel-cherkasy","/himchystka-kovrolinu-cherkasy","5.2%","OK"
"/prybyrannya-kvartyr-cherkasy","/prybyrannya-komertsiynykh-prymishchen-cherkasy","5.1%","OK"
"/generalne-prybyrannya-cherkasy","/prybyrannya-pislya-pozhezhi-cherkasy","5.1%","OK"
"/pidtrymuyuche-prybyrannya-kvartyr-cherkasy","/himchystka-avto-cherkasy","5.1%","OK"
"/generalne-prybyrannya-kvartyry-cherkasy","/himchystka-dyvana-cherkasy","5.0%","OK"
"/himchystka-mebliv-cherkasy","/prybyrannya-komertsiynykh-prymishchen-cherkasy","5.0%","OK"
"/himchystka-dyvana-cherkasy","/myttya-vikon-cherkasy","5.0%","OK"
"/himchystka-matratsa-cherkasy","/myttya-vikon-cherkasy","5.0%","OK"
"/prybyrannya-kvartyr-cherkasy","/prybyrannya-pislya-potopu-cherkasy","4.9%","OK"
"/himchystka-dyvana-cherkasy","/myttya-plytky-cherkasy","4.9%","OK"
"/himchystka-matratsa-cherkasy","/myttya-plytky-cherkasy","4.9%","OK"
"/himchystka-avto-cherkasy","/myttya-fasadiv-cherkasy","4.9%","OK"
"/prybyrannya-kvartyr-cherkasy","/prybyrannya-prylegloyi-terytoriyi-cherkasy","4.8%","OK"
"/generalne-prybyrannya-cherkasy","/himchystka-matratsa-cherkasy","4.8%","OK"
"/generalne-prybyrannya-cherkasy","/himchystka-kylymiv-cherkasy","4.8%","OK"
"/generalne-prybyrannya-kvartyry-cherkasy","/dezinfektsiya-prymishchen-cherkasy","4.8%","OK"
"/prybyrannya-pislya-remontu-cherkasy","/prybyrannya-pislya-pozhezhi-cherkasy","4.8%","OK"
"/himchystka-matratsa-cherkasy","/myttya-fasadiv-cherkasy","4.8%","OK"
"/prybyrannya-kvartyr-cherkasy","/prybyrannya-budynkiv-cherkasy","4.7%","OK"
"/prybyrannya-pislya-remontu-cherkasy","/prybyrannya-budynkiv-cherkasy","4.7%","OK"
"/prybyrannya-pislya-potopu-cherkasy","/himchystka-mebliv-cherkasy","4.7%","OK"
"/himchystka-dyvana-cherkasy","/myttya-fasadiv-cherkasy","4.7%","OK"
"/prybyrannya-komertsiynykh-prymishchen-cherkasy","/himchystka-stiltsiv-cherkasy","4.7%","OK"
"/prybyrannya-ofisiv-cherkasy","/prybyrannya-restoraniv-kafe-cherkasy","4.7%","OK"
"/generalne-prybyrannya-cherkasy","/himchystka-dyvana-cherkasy","4.6%","OK"
"/generalne-prybyrannya-kuhni-cherkasy","/himchystka-mebliv-cherkasy","4.6%","OK"
"/prybyrannya-pislya-remontu-cherkasy","/myttya-vikon-cherkasy","4.6%","OK"
"/prybyrannya-budynkiv-cherkasy","/himchystka-kovrolinu-cherkasy","4.6%","OK"
"/prybyrannya-komertsiynykh-prymishchen-cherkasy","/prybyrannya-medychnykh-tsentriv-cherkasy","4.6%","OK"
"/prybyrannya-restoraniv-kafe-cherkasy","/prybyrannya-medychnykh-tsentriv-cherkasy","4.6%","OK"
"/prybyrannya-kvartyr-cherkasy","/prybyrannya-pislya-remontu-cherkasy","4.5%","OK"
"/generalne-prybyrannya-cherkasy","/dezinfektsiya-prymishchen-cherkasy","4.5%","OK"
"/prybyrannya-pislya-potopu-cherkasy","/himchystka-stiltsiv-cherkasy","4.5%","OK"
"/prybyrannya-prylegloyi-terytoriyi-cherkasy","/himchystka-mebliv-cherkasy","4.5%","OK"
"/prybyrannya-komertsiynykh-prymishchen-cherkasy","/prybyrannya-restoraniv-kafe-cherkasy","4.5%","OK"
"/prybyrannya-komertsiynykh-prymishchen-cherkasy","/prybyrannya-skladiv-cherkasy","4.5%","OK"
"/pidtrymuyuche-prybyrannya-kvartyr-cherkasy","/himchystka-mebliv-cherkasy","4.4%","OK"
"/prybyrannya-komertsiynykh-prymishchen-cherkasy","/prybyrannya-mahazyniv-supermarketiv-cherkasy","4.4%","OK"
"/prybyrannya-mahazyniv-supermarketiv-cherkasy","/prybyrannya-restoraniv-kafe-cherkasy","4.4%","OK"
"/himchystka-krisel-cherkasy","/dezinfektsiya-prymishchen-cherkasy","4.4%","OK"
"/prybyrannya-komertsiynykh-prymishchen-cherkasy","/rehulyarne-prybyrannya-biznesu-cherkasy","4.3%","OK"
"/prybyrannya-pislya-remontu-cherkasy","/dezinfektsiya-prymishchen-cherkasy","4.2%","OK"
"/prybyrannya-pislya-potopu-cherkasy","/himchystka-krisel-cherkasy","4.2%","OK"
"/prybyrannya-ofisiv-cherkasy","/prybyrannya-mahazyniv-supermarketiv-cherkasy","4.2%","OK"
"/prybyrannya-kvartyr-cherkasy","/myttya-vikon-cherkasy","4.1%","OK"
"/generalne-prybyrannya-kvartyry-cherkasy","/himchystka-avto-cherkasy","4.1%","OK"
"/prybyrannya-pislya-remontu-cherkasy","/himchystka-kylymiv-cherkasy","4.1%","OK"
"/prybyrannya-pislya-potopu-cherkasy","/himchystka-kovrolinu-cherkasy","4.1%","OK"
"/prybyrannya-pislya-pozhezhi-cherkasy","/himchystka-kovrolinu-cherkasy","4.1%","OK"
"/prybyrannya-prylegloyi-terytoriyi-cherkasy","/himchystka-stiltsiv-cherkasy","4.1%","OK"
"/himchystka-matratsa-cherkasy","/himchystka-kovrolinu-cherkasy","4.1%","OK"
"/rehulyarne-prybyrannya-biznesu-cherkasy","/prybyrannya-mahazyniv-supermarketiv-cherkasy","4.1%","OK"
"/prybyrannya-budynkiv-cherkasy","/himchystka-mebliv-cherkasy","4.0%","OK"
"/himchystka-mebliv-cherkasy","/himchystka-avto-cherkasy","4.0%","OK"
"/himchystka-avto-cherkasy","/himchystka-krisel-cherkasy","4.0%","OK"
"/prybyrannya-komertsiynykh-prymishchen-cherkasy","/prybyrannya-ofisiv-cherkasy","4.0%","OK"
"/prybyrannya-komertsiynykh-prymishchen-cherkasy","/prybyrannya-vyrobnychykh-prymishchen-cherkasy","4.0%","OK"
"/generalne-prybyrannya-cherkasy","/himchystka-avto-cherkasy","3.9%","OK"
"/prybyrannya-pislya-remontu-cherkasy","/himchystka-matratsa-cherkasy","3.9%","OK"
"/prybyrannya-pislya-pozhezhi-cherkasy","/himchystka-mebliv-cherkasy","3.9%","OK"
"/prybyrannya-kvartyr-cherkasy","/himchystka-kylymiv-cherkasy","3.8%","OK"
"/prybyrannya-pislya-remontu-cherkasy","/himchystka-dyvana-cherkasy","3.8%","OK"
"/prybyrannya-budynkiv-cherkasy","/himchystka-stiltsiv-cherkasy","3.8%","OK"
"/prybyrannya-kvartyr-cherkasy","/myttya-plytky-cherkasy","3.7%","OK"
"/prybyrannya-pislya-pozhezhi-cherkasy","/himchystka-krisel-cherkasy","3.7%","OK"
"/himchystka-matratsa-cherkasy","/himchystka-krisel-cherkasy","3.7%","OK"
"/prybyrannya-ofisiv-cherkasy","/prybyrannya-medychnykh-tsentriv-cherkasy","3.7%","OK"
"/prybyrannya-vyrobnychykh-prymishchen-cherkasy","/prybyrannya-skladiv-cherkasy","3.7%","OK"
"/himchystka-kylymiv-cherkasy","/himchystka-krisel-cherkasy","3.7%","OK"
"/prybyrannya-kvartyr-cherkasy","/prybyrannya-pislya-pozhezhi-cherkasy","3.6%","OK"
"/generalne-prybyrannya-cherkasy","/himchystka-mebliv-cherkasy","3.6%","OK"
"/generalne-prybyrannya-kvartyry-cherkasy","/himchystka-mebliv-cherkasy","3.6%","OK"
"/himchystka-mebliv-cherkasy","/myttya-vikon-cherkasy","3.6%","OK"
"/himchystka-mebliv-cherkasy","/myttya-plytky-cherkasy","3.6%","OK"
"/prybyrannya-ofisiv-cherkasy","/rehulyarne-prybyrannya-biznesu-cherkasy","3.6%","OK"
"/prybyrannya-mahazyniv-supermarketiv-cherkasy","/prybyrannya-skladiv-cherkasy","3.6%","OK"
"/prybyrannya-restoraniv-kafe-cherkasy","/prybyrannya-skladiv-cherkasy","3.6%","OK"
"/prybyrannya-skladiv-cherkasy","/prybyrannya-medychnykh-tsentriv-cherkasy","3.6%","OK"
"/himchystka-kylymiv-cherkasy","/himchystka-stiltsiv-cherkasy","3.6%","OK"
"/prybyrannya-kvartyr-cherkasy","/myttya-fasadiv-cherkasy","3.5%","OK"
"/rehulyarne-prybyrannya-biznesu-cherkasy","/prybyrannya-restoraniv-kafe-cherkasy","3.5%","OK"
"/prybyrannya-mahazyniv-supermarketiv-cherkasy","/prybyrannya-medychnykh-tsentriv-cherkasy","3.5%","OK"
"/prybyrannya-kvartyr-cherkasy","/himchystka-dyvana-cherkasy","3.4%","OK"
"/prybyrannya-kvartyr-cherkasy","/himchystka-matratsa-cherkasy","3.4%","OK"
"/prybyrannya-kvartyr-cherkasy","/dezinfektsiya-prymishchen-cherkasy","3.4%","OK"
"/prybyrannya-pislya-remontu-cherkasy","/himchystka-avto-cherkasy","3.4%","OK"
"/himchystka-mebliv-cherkasy","/myttya-fasadiv-cherkasy","3.4%","OK"
"/prybyrannya-ofisiv-cherkasy","/prybyrannya-skladiv-cherkasy","3.4%","OK"
"/rehulyarne-prybyrannya-biznesu-cherkasy","/prybyrannya-medychnykh-tsentriv-cherkasy","3.4%","OK"
"/himchystka-dyvana-cherkasy","/himchystka-krisel-cherkasy","3.3%","OK"
"/rehulyarne-prybyrannya-biznesu-cherkasy","/prybyrannya-vyrobnychykh-prymishchen-cherkasy","3.3%","OK"
"/rehulyarne-prybyrannya-biznesu-cherkasy","/prybyrannya-skladiv-cherkasy","3.3%","OK"
"/prybyrannya-restoraniv-kafe-cherkasy","/prybyrannya-vyrobnychykh-prymishchen-cherkasy","3.3%","OK"
"/prybyrannya-vyrobnychykh-prymishchen-cherkasy","/prybyrannya-medychnykh-tsentriv-cherkasy","3.3%","OK"
"/himchystka-kovrolinu-cherkasy","/dezinfektsiya-prymishchen-cherkasy","3.3%","OK"
"/prybyrannya-pislya-pozhezhi-cherkasy","/himchystka-stiltsiv-cherkasy","3.2%","OK"
"/himchystka-mebliv-cherkasy","/dezinfektsiya-prymishchen-cherkasy","3.2%","OK"
"/myttya-vikon-cherkasy","/himchystka-stiltsiv-cherkasy","3.2%","OK"
"/prybyrannya-mahazyniv-supermarketiv-cherkasy","/prybyrannya-vyrobnychykh-prymishchen-cherkasy","3.2%","OK"
"/prybyrannya-kvartyr-cherkasy","/himchystka-avto-cherkasy","3.1%","OK"
"/himchystka-avto-cherkasy","/himchystka-kovrolinu-cherkasy","3.1%","OK"
"/prybyrannya-ofisiv-cherkasy","/prybyrannya-vyrobnychykh-prymishchen-cherkasy","3.1%","OK"
"/himchystka-stiltsiv-cherkasy","/himchystka-kovrolinu-cherkasy","3.0%","OK"
"/himchystka-stiltsiv-cherkasy","/myttya-fasadiv-cherkasy","3.0%","OK"
"/himchystka-stiltsiv-cherkasy","/myttya-plytky-cherkasy","3.0%","OK"
"/prybyrannya-kvartyr-cherkasy","/himchystka-mebliv-cherkasy","2.9%","OK"
"/prybyrannya-pislya-remontu-cherkasy","/himchystka-mebliv-cherkasy","2.9%","OK"
"/himchystka-mebliv-cherkasy","/himchystka-stiltsiv-cherkasy","2.9%","OK"
"/himchystka-dyvana-cherkasy","/himchystka-kovrolinu-cherkasy","2.9%","OK"
"/himchystka-avto-cherkasy","/himchystka-stiltsiv-cherkasy","2.8%","OK"
"/prybyrannya-pislya-potopu-cherkasy","/rehulyarne-prybyrannya-biznesu-cherkasy","2.7%","OK"
"/prybyrannya-pislya-potopu-cherkasy","/prybyrannya-skladiv-cherkasy","2.7%","OK"
"/prybyrannya-pislya-potopu-cherkasy","/prybyrannya-medychnykh-tsentriv-cherkasy","2.7%","OK"
"/himchystka-dyvana-cherkasy","/himchystka-stiltsiv-cherkasy","2.7%","OK"
"/himchystka-stiltsiv-cherkasy","/dezinfektsiya-prymishchen-cherkasy","2.7%","OK"
"/prybyrannya-pislya-potopu-cherkasy","/prybyrannya-mahazyniv-supermarketiv-cherkasy","2.6%","OK"
"/prybyrannya-pislya-potopu-cherkasy","/prybyrannya-restoraniv-kafe-cherkasy","2.6%","OK"
"/prybyrannya-pislya-potopu-cherkasy","/prybyrannya-vyrobnychykh-prymishchen-cherkasy","2.6%","OK"
"/prybyrannya-pislya-potopu-cherkasy","/prybyrannya-ofisiv-cherkasy","2.5%","OK"
"/himchystka-stiltsiv-cherkasy","/himchystka-krisel-cherkasy","2.5%","OK"
"/generalne-prybyrannya-kuhni-cherkasy","/himchystka-stiltsiv-cherkasy","2.4%","OK"
"/generalne-prybyrannya-kuhni-cherkasy","/himchystka-kovrolinu-cherkasy","2.3%","OK"
"/pidtrymuyuche-prybyrannya-kvartyr-cherkasy","/prybyrannya-restoraniv-kafe-cherkasy","2.1%","OK"
"/pidtrymuyuche-prybyrannya-kvartyr-cherkasy","/himchystka-kovrolinu-cherkasy","2.1%","OK"
"/prybyrannya-komertsiynykh-prymishchen-cherkasy","/himchystka-krisel-cherkasy","2.0%","OK"
"/prybyrannya-komertsiynykh-prymishchen-cherkasy","/himchystka-kovrolinu-cherkasy","2.0%","OK"
"/pidtrymuyuche-prybyrannya-kvartyr-cherkasy","/prybyrannya-skladiv-cherkasy","1.9%","OK"
"/pidtrymuyuche-prybyrannya-kvartyr-cherkasy","/prybyrannya-medychnykh-tsentriv-cherkasy","1.9%","OK"
"/generalne-prybyrannya-kuhni-cherkasy","/himchystka-krisel-cherkasy","1.9%","OK"
"/prybyrannya-prylegloyi-terytoriyi-cherkasy","/rehulyarne-prybyrannya-biznesu-cherkasy","1.9%","OK"
"/prybyrannya-prylegloyi-terytoriyi-cherkasy","/prybyrannya-mahazyniv-supermarketiv-cherkasy","1.9%","OK"
"/prybyrannya-skladiv-cherkasy","/himchystka-kovrolinu-cherkasy","1.9%","OK"
"/pidtrymuyuche-prybyrannya-kvartyr-cherkasy","/himchystka-stiltsiv-cherkasy","1.8%","OK"
"/pidtrymuyuche-prybyrannya-kvartyr-cherkasy","/himchystka-krisel-cherkasy","1.8%","OK"
"/prybyrannya-prylegloyi-terytoriyi-cherkasy","/prybyrannya-ofisiv-cherkasy","1.8%","OK"
"/prybyrannya-prylegloyi-terytoriyi-cherkasy","/prybyrannya-restoraniv-kafe-cherkasy","1.8%","OK"
"/prybyrannya-prylegloyi-terytoriyi-cherkasy","/prybyrannya-skladiv-cherkasy","1.8%","OK"
"/prybyrannya-prylegloyi-terytoriyi-cherkasy","/prybyrannya-medychnykh-tsentriv-cherkasy","1.8%","OK"
"/prybyrannya-budynkiv-cherkasy","/prybyrannya-restoraniv-kafe-cherkasy","1.8%","OK"
"/pidtrymuyuche-prybyrannya-kvartyr-cherkasy","/rehulyarne-prybyrannya-biznesu-cherkasy","1.7%","OK"
"/generalne-prybyrannya-kuhni-cherkasy","/rehulyarne-prybyrannya-biznesu-cherkasy","1.7%","OK"
"/generalne-prybyrannya-kuhni-cherkasy","/prybyrannya-skladiv-cherkasy","1.7%","OK"
"/generalne-prybyrannya-kuhni-cherkasy","/prybyrannya-medychnykh-tsentriv-cherkasy","1.7%","OK"
"/prybyrannya-prylegloyi-terytoriyi-cherkasy","/prybyrannya-vyrobnychykh-prymishchen-cherkasy","1.7%","OK"
"/prybyrannya-budynkiv-cherkasy","/prybyrannya-ofisiv-cherkasy","1.7%","OK"
"/himchystka-kovrolinu-cherkasy","/myttya-fasadiv-cherkasy","1.7%","OK"
"/generalne-prybyrannya-cherkasy","/prybyrannya-restoraniv-kafe-cherkasy","1.6%","OK"
"/pidtrymuyuche-prybyrannya-kvartyr-cherkasy","/prybyrannya-mahazyniv-supermarketiv-cherkasy","1.6%","OK"
"/generalne-prybyrannya-kuhni-cherkasy","/prybyrannya-ofisiv-cherkasy","1.6%","OK"
"/generalne-prybyrannya-kuhni-cherkasy","/prybyrannya-mahazyniv-supermarketiv-cherkasy","1.6%","OK"
"/generalne-prybyrannya-kuhni-cherkasy","/prybyrannya-restoraniv-kafe-cherkasy","1.6%","OK"
"/prybyrannya-pislya-pozhezhi-cherkasy","/prybyrannya-ofisiv-cherkasy","1.6%","OK"
"/himchystka-matratsa-cherkasy","/himchystka-stiltsiv-cherkasy","1.6%","OK"
"/prybyrannya-vyrobnychykh-prymishchen-cherkasy","/himchystka-krisel-cherkasy","1.6%","OK"
"/prybyrannya-skladiv-cherkasy","/himchystka-krisel-cherkasy","1.6%","OK"
"/generalne-prybyrannya-cherkasy","/prybyrannya-ofisiv-cherkasy","1.5%","OK"
"/pidtrymuyuche-prybyrannya-kvartyr-cherkasy","/prybyrannya-ofisiv-cherkasy","1.5%","OK"
"/pidtrymuyuche-prybyrannya-kvartyr-cherkasy","/prybyrannya-vyrobnychykh-prymishchen-cherkasy","1.5%","OK"
"/generalne-prybyrannya-kuhni-cherkasy","/prybyrannya-vyrobnychykh-prymishchen-cherkasy","1.5%","OK"
"/prybyrannya-pislya-pozhezhi-cherkasy","/prybyrannya-restoraniv-kafe-cherkasy","1.5%","OK"
"/prybyrannya-budynkiv-cherkasy","/prybyrannya-mahazyniv-supermarketiv-cherkasy","1.5%","OK"
"/prybyrannya-skladiv-cherkasy","/himchystka-stiltsiv-cherkasy","1.5%","OK"
"/prybyrannya-medychnykh-tsentriv-cherkasy","/himchystka-kovrolinu-cherkasy","1.5%","OK"
"/generalne-prybyrannya-cherkasy","/prybyrannya-mahazyniv-supermarketiv-cherkasy","1.4%","OK"
"/generalne-prybyrannya-cherkasy","/himchystka-stiltsiv-cherkasy","1.4%","OK"
"/generalne-prybyrannya-cherkasy","/himchystka-kovrolinu-cherkasy","1.4%","OK"
"/generalne-prybyrannya-kvartyry-cherkasy","/himchystka-stiltsiv-cherkasy","1.4%","OK"
"/generalne-prybyrannya-kvartyry-cherkasy","/himchystka-kovrolinu-cherkasy","1.4%","OK"
"/prybyrannya-pislya-remontu-cherkasy","/prybyrannya-ofisiv-cherkasy","1.4%","OK"
"/prybyrannya-budynkiv-cherkasy","/rehulyarne-prybyrannya-biznesu-cherkasy","1.4%","OK"
"/prybyrannya-budynkiv-cherkasy","/prybyrannya-vyrobnychykh-prymishchen-cherkasy","1.4%","OK"
"/prybyrannya-budynkiv-cherkasy","/prybyrannya-skladiv-cherkasy","1.4%","OK"
"/prybyrannya-budynkiv-cherkasy","/prybyrannya-medychnykh-tsentriv-cherkasy","1.4%","OK"
"/myttya-vikon-cherkasy","/himchystka-kovrolinu-cherkasy","1.4%","OK"
"/prybyrannya-ofisiv-cherkasy","/himchystka-krisel-cherkasy","1.4%","OK"
"/prybyrannya-ofisiv-cherkasy","/himchystka-kovrolinu-cherkasy","1.4%","OK"
"/prybyrannya-medychnykh-tsentriv-cherkasy","/himchystka-stiltsiv-cherkasy","1.4%","OK"
"/prybyrannya-medychnykh-tsentriv-cherkasy","/himchystka-krisel-cherkasy","1.4%","OK"
"/himchystka-kovrolinu-cherkasy","/myttya-plytky-cherkasy","1.4%","OK"
"/generalne-prybyrannya-cherkasy","/prybyrannya-skladiv-cherkasy","1.3%","OK"
"/generalne-prybyrannya-kvartyry-cherkasy","/rehulyarne-prybyrannya-biznesu-cherkasy","1.3%","OK"
"/generalne-prybyrannya-kvartyry-cherkasy","/prybyrannya-skladiv-cherkasy","1.3%","OK"
"/generalne-prybyrannya-kvartyry-cherkasy","/prybyrannya-medychnykh-tsentriv-cherkasy","1.3%","OK"
"/generalne-prybyrannya-kvartyry-cherkasy","/himchystka-krisel-cherkasy","1.3%","OK"
"/prybyrannya-pislya-pozhezhi-cherkasy","/rehulyarne-prybyrannya-biznesu-cherkasy","1.3%","OK"
"/prybyrannya-pislya-pozhezhi-cherkasy","/prybyrannya-skladiv-cherkasy","1.3%","OK"
"/prybyrannya-pislya-pozhezhi-cherkasy","/prybyrannya-medychnykh-tsentriv-cherkasy","1.3%","OK"
"/myttya-vikon-cherkasy","/prybyrannya-restoraniv-kafe-cherkasy","1.3%","OK"
"/prybyrannya-ofisiv-cherkasy","/himchystka-kylymiv-cherkasy","1.3%","OK"
"/prybyrannya-ofisiv-cherkasy","/himchystka-stiltsiv-cherkasy","1.3%","OK"
"/prybyrannya-ofisiv-cherkasy","/dezinfektsiya-prymishchen-cherkasy","1.3%","OK"
"/rehulyarne-prybyrannya-biznesu-cherkasy","/himchystka-stiltsiv-cherkasy","1.3%","OK"
"/rehulyarne-prybyrannya-biznesu-cherkasy","/himchystka-krisel-cherkasy","1.3%","OK"
"/rehulyarne-prybyrannya-biznesu-cherkasy","/himchystka-kovrolinu-cherkasy","1.3%","OK"
"/prybyrannya-mahazyniv-supermarketiv-cherkasy","/himchystka-stiltsiv-cherkasy","1.3%","OK"
"/prybyrannya-mahazyniv-supermarketiv-cherkasy","/himchystka-krisel-cherkasy","1.3%","OK"
"/prybyrannya-mahazyniv-supermarketiv-cherkasy","/himchystka-kovrolinu-cherkasy","1.3%","OK"
"/prybyrannya-mahazyniv-supermarketiv-cherkasy","/myttya-fasadiv-cherkasy","1.3%","OK"
"/prybyrannya-restoraniv-kafe-cherkasy","/himchystka-stiltsiv-cherkasy","1.3%","OK"
"/prybyrannya-restoraniv-kafe-cherkasy","/himchystka-krisel-cherkasy","1.3%","OK"
"/prybyrannya-restoraniv-kafe-cherkasy","/himchystka-kovrolinu-cherkasy","1.3%","OK"
"/prybyrannya-restoraniv-kafe-cherkasy","/myttya-plytky-cherkasy","1.3%","OK"
"/prybyrannya-vyrobnychykh-prymishchen-cherkasy","/himchystka-kovrolinu-cherkasy","1.3%","OK"
"/prybyrannya-skladiv-cherkasy","/himchystka-kylymiv-cherkasy","1.3%","OK"
"/prybyrannya-medychnykh-tsentriv-cherkasy","/myttya-fasadiv-cherkasy","1.3%","OK"
"/himchystka-krisel-cherkasy","/myttya-plytky-cherkasy","1.3%","OK"
"/generalne-prybyrannya-cherkasy","/himchystka-krisel-cherkasy","1.2%","OK"
"/generalne-prybyrannya-kvartyry-cherkasy","/prybyrannya-mahazyniv-supermarketiv-cherkasy","1.2%","OK"
"/generalne-prybyrannya-kvartyry-cherkasy","/prybyrannya-restoraniv-kafe-cherkasy","1.2%","OK"
"/prybyrannya-pislya-pozhezhi-cherkasy","/prybyrannya-mahazyniv-supermarketiv-cherkasy","1.2%","OK"
"/prybyrannya-pislya-pozhezhi-cherkasy","/prybyrannya-vyrobnychykh-prymishchen-cherkasy","1.2%","OK"
"/himchystka-dyvana-cherkasy","/prybyrannya-restoraniv-kafe-cherkasy","1.2%","OK"
"/himchystka-dyvana-cherkasy","/prybyrannya-skladiv-cherkasy","1.2%","OK"
"/himchystka-matratsa-cherkasy","/rehulyarne-prybyrannya-biznesu-cherkasy","1.2%","OK"
"/himchystka-matratsa-cherkasy","/prybyrannya-skladiv-cherkasy","1.2%","OK"
"/myttya-vikon-cherkasy","/rehulyarne-prybyrannya-biznesu-cherkasy","1.2%","OK"
"/myttya-vikon-cherkasy","/prybyrannya-mahazyniv-supermarketiv-cherkasy","1.2%","OK"
"/myttya-vikon-cherkasy","/prybyrannya-skladiv-cherkasy","1.2%","OK"
"/myttya-vikon-cherkasy","/prybyrannya-medychnykh-tsentriv-cherkasy","1.2%","OK"
"/myttya-vikon-cherkasy","/himchystka-krisel-cherkasy","1.2%","OK"
"/prybyrannya-ofisiv-cherkasy","/myttya-plytky-cherkasy","1.2%","OK"
"/rehulyarne-prybyrannya-biznesu-cherkasy","/himchystka-kylymiv-cherkasy","1.2%","OK"
"/rehulyarne-prybyrannya-biznesu-cherkasy","/myttya-plytky-cherkasy","1.2%","OK"
"/prybyrannya-mahazyniv-supermarketiv-cherkasy","/himchystka-kylymiv-cherkasy","1.2%","OK"
"/prybyrannya-mahazyniv-supermarketiv-cherkasy","/myttya-plytky-cherkasy","1.2%","OK"
"/prybyrannya-restoraniv-kafe-cherkasy","/himchystka-kylymiv-cherkasy","1.2%","OK"
"/prybyrannya-restoraniv-kafe-cherkasy","/myttya-fasadiv-cherkasy","1.2%","OK"
"/prybyrannya-vyrobnychykh-prymishchen-cherkasy","/himchystka-stiltsiv-cherkasy","1.2%","OK"
"/prybyrannya-skladiv-cherkasy","/myttya-fasadiv-cherkasy","1.2%","OK"
"/prybyrannya-skladiv-cherkasy","/myttya-plytky-cherkasy","1.2%","OK"
"/prybyrannya-medychnykh-tsentriv-cherkasy","/himchystka-kylymiv-cherkasy","1.2%","OK"
"/prybyrannya-medychnykh-tsentriv-cherkasy","/myttya-plytky-cherkasy","1.2%","OK"
"/himchystka-krisel-cherkasy","/myttya-fasadiv-cherkasy","1.2%","OK"
"/generalne-prybyrannya-cherkasy","/rehulyarne-prybyrannya-biznesu-cherkasy","1.1%","OK"
"/generalne-prybyrannya-cherkasy","/prybyrannya-medychnykh-tsentriv-cherkasy","1.1%","OK"
"/generalne-prybyrannya-kvartyry-cherkasy","/prybyrannya-ofisiv-cherkasy","1.1%","OK"
"/generalne-prybyrannya-kvartyry-cherkasy","/prybyrannya-vyrobnychykh-prymishchen-cherkasy","1.1%","OK"
"/prybyrannya-pislya-remontu-cherkasy","/prybyrannya-restoraniv-kafe-cherkasy","1.1%","OK"
"/prybyrannya-pislya-remontu-cherkasy","/himchystka-stiltsiv-cherkasy","1.1%","OK"
"/himchystka-dyvana-cherkasy","/prybyrannya-ofisiv-cherkasy","1.1%","OK"
"/himchystka-dyvana-cherkasy","/rehulyarne-prybyrannya-biznesu-cherkasy","1.1%","OK"
"/himchystka-dyvana-cherkasy","/prybyrannya-mahazyniv-supermarketiv-cherkasy","1.1%","OK"
"/himchystka-dyvana-cherkasy","/prybyrannya-medychnykh-tsentriv-cherkasy","1.1%","OK"
"/himchystka-matratsa-cherkasy","/prybyrannya-ofisiv-cherkasy","1.1%","OK"
"/himchystka-matratsa-cherkasy","/prybyrannya-mahazyniv-supermarketiv-cherkasy","1.1%","OK"
"/himchystka-matratsa-cherkasy","/prybyrannya-restoraniv-kafe-cherkasy","1.1%","OK"
"/himchystka-matratsa-cherkasy","/prybyrannya-vyrobnychykh-prymishchen-cherkasy","1.1%","OK"
"/himchystka-matratsa-cherkasy","/prybyrannya-medychnykh-tsentriv-cherkasy","1.1%","OK"
"/myttya-vikon-cherkasy","/prybyrannya-ofisiv-cherkasy","1.1%","OK"
"/myttya-vikon-cherkasy","/prybyrannya-vyrobnychykh-prymishchen-cherkasy","1.1%","OK"
"/prybyrannya-ofisiv-cherkasy","/myttya-fasadiv-cherkasy","1.1%","OK"
"/rehulyarne-prybyrannya-biznesu-cherkasy","/dezinfektsiya-prymishchen-cherkasy","1.1%","OK"
"/prybyrannya-mahazyniv-supermarketiv-cherkasy","/dezinfektsiya-prymishchen-cherkasy","1.1%","OK"
"/prybyrannya-restoraniv-kafe-cherkasy","/dezinfektsiya-prymishchen-cherkasy","1.1%","OK"
"/prybyrannya-vyrobnychykh-prymishchen-cherkasy","/himchystka-kylymiv-cherkasy","1.1%","OK"
"/prybyrannya-vyrobnychykh-prymishchen-cherkasy","/myttya-plytky-cherkasy","1.1%","OK"
"/prybyrannya-medychnykh-tsentriv-cherkasy","/dezinfektsiya-prymishchen-cherkasy","1.1%","OK"
"/generalne-prybyrannya-cherkasy","/prybyrannya-vyrobnychykh-prymishchen-cherkasy","1.0%","OK"
"/prybyrannya-pislya-remontu-cherkasy","/prybyrannya-medychnykh-tsentriv-cherkasy","1.0%","OK"
"/prybyrannya-pislya-remontu-cherkasy","/himchystka-krisel-cherkasy","1.0%","OK"
"/himchystka-dyvana-cherkasy","/prybyrannya-vyrobnychykh-prymishchen-cherkasy","1.0%","OK"
"/himchystka-avto-cherkasy","/prybyrannya-ofisiv-cherkasy","1.0%","OK"
"/himchystka-avto-cherkasy","/prybyrannya-restoraniv-kafe-cherkasy","1.0%","OK"
"/himchystka-avto-cherkasy","/prybyrannya-skladiv-cherkasy","1.0%","OK"
"/rehulyarne-prybyrannya-biznesu-cherkasy","/myttya-fasadiv-cherkasy","1.0%","OK"
"/prybyrannya-vyrobnychykh-prymishchen-cherkasy","/dezinfektsiya-prymishchen-cherkasy","1.0%","OK"
"/prybyrannya-vyrobnychykh-prymishchen-cherkasy","/myttya-fasadiv-cherkasy","1.0%","OK"
"/prybyrannya-skladiv-cherkasy","/dezinfektsiya-prymishchen-cherkasy","1.0%","OK"
"/prybyrannya-kvartyr-cherkasy","/prybyrannya-ofisiv-cherkasy","0.9%","OK"
"/prybyrannya-kvartyr-cherkasy","/prybyrannya-restoraniv-kafe-cherkasy","0.9%","OK"
"/prybyrannya-kvartyr-cherkasy","/prybyrannya-skladiv-cherkasy","0.9%","OK"
"/prybyrannya-kvartyr-cherkasy","/himchystka-kovrolinu-cherkasy","0.9%","OK"
"/prybyrannya-pislya-remontu-cherkasy","/rehulyarne-prybyrannya-biznesu-cherkasy","0.9%","OK"
"/prybyrannya-pislya-remontu-cherkasy","/prybyrannya-mahazyniv-supermarketiv-cherkasy","0.9%","OK"
"/prybyrannya-pislya-remontu-cherkasy","/prybyrannya-vyrobnychykh-prymishchen-cherkasy","0.9%","OK"
"/prybyrannya-pislya-remontu-cherkasy","/prybyrannya-skladiv-cherkasy","0.9%","OK"
"/prybyrannya-pislya-remontu-cherkasy","/himchystka-kovrolinu-cherkasy","0.9%","OK"
"/himchystka-avto-cherkasy","/rehulyarne-prybyrannya-biznesu-cherkasy","0.9%","OK"
"/himchystka-avto-cherkasy","/prybyrannya-mahazyniv-supermarketiv-cherkasy","0.9%","OK"
"/himchystka-avto-cherkasy","/prybyrannya-vyrobnychykh-prymishchen-cherkasy","0.9%","OK"
"/himchystka-avto-cherkasy","/prybyrannya-medychnykh-tsentriv-cherkasy","0.9%","OK"
"/prybyrannya-kvartyr-cherkasy","/himchystka-stiltsiv-cherkasy","0.8%","OK"
"/prybyrannya-kvartyr-cherkasy","/rehulyarne-prybyrannya-biznesu-cherkasy","0.7%","OK"
"/prybyrannya-kvartyr-cherkasy","/prybyrannya-mahazyniv-supermarketiv-cherkasy","0.7%","OK"
"/prybyrannya-kvartyr-cherkasy","/prybyrannya-medychnykh-tsentriv-cherkasy","0.7%","OK"
"/himchystka-mebliv-cherkasy","/himchystka-krisel-cherkasy","0.7%","OK"
"/himchystka-mebliv-cherkasy","/himchystka-kovrolinu-cherkasy","0.7%","OK"
"/prybyrannya-kvartyr-cherkasy","/prybyrannya-vyrobnychykh-prymishchen-cherkasy","0.6%","OK"
"/prybyrannya-kvartyr-cherkasy","/himchystka-krisel-cherkasy","0.6%","OK"
"/himchystka-mebliv-cherkasy","/prybyrannya-restoraniv-kafe-cherkasy","0.4%","OK"
"/himchystka-mebliv-cherkasy","/prybyrannya-medychnykh-tsentriv-cherkasy","0.4%","OK"
"/himchystka-mebliv-cherkasy","/prybyrannya-ofisiv-cherkasy","0.3%","OK"
"/himchystka-mebliv-cherkasy","/rehulyarne-prybyrannya-biznesu-cherkasy","0.3%","OK"
"/himchystka-mebliv-cherkasy","/prybyrannya-mahazyniv-supermarketiv-cherkasy","0.3%","OK"
"/himchystka-mebliv-cherkasy","/prybyrannya-vyrobnychykh-prymishchen-cherkasy","0.3%","OK"
"/himchystka-mebliv-cherkasy","/prybyrannya-skladiv-cherkasy","0.3%","OK"
