"URL","Intent","HTTP","Indexable","Canonical","Sitemap","H1","Incoming links","Legacy","Title","H1 count"
"/","Клінінг Черкаси / клінінгова компанія","200 (production build)","Так","https://www.formula-chistoty.ck.ua","Так","Професійний клінінг у Черкасах","61","Ні","Клінінг у Черкасах — ціни від 55 грн/м² | Формула Чистоти","1"
"/poslugy","Каталог клінінгових послуг","200 (production build)","Так","https://www.formula-chistoty.ck.ua/poslugy","Так","Клінінгові послуги у Черкасах","61","Ні","Клінінгові послуги у Черкасах | Формула Чистоти","1"
"/prices","Ціни на клінінг у Черкасах","200 (production build)","Так","https://www.formula-chistoty.ck.ua/prices","Так","Ціни на клінінг у Черкасах 2026","61","Ні","Ціни на клінінг у Черкасах 2026 — Формула Чистоти","1"
"/nashi-roboty","Портфоліо реальних робіт","200 (production build)","Так","https://www.formula-chistoty.ck.ua/nashi-roboty","Так","Наші роботи з прибирання у Черкасах","61","Ні","Наші роботи з прибирання у Черкасах | Формула Чистоти","1"
"/vidguky","Відгуки клієнтів","200 (production build)","Так","https://www.formula-chistoty.ck.ua/vidguky","Так","Відгуки клієнтів про Формулу Чистоти","61","Ні","Відгуки клієнтів про Формула Чистоти | Черкаси","1"
"/blog","Інформаційний блог-хаб","200 (production build)","Так","https://www.formula-chistoty.ck.ua/blog","Так","Блог про прибирання, клінінг та чистоту","61","Ні","Блог про прибирання, клінінг та чистоту | Формула Чистоти","1"
"/pro-nas","Про компанію / довіра","200 (production build)","Так","https://www.formula-chistoty.ck.ua/pro-nas","Так","Про компанію Формула Чистоти","61","Ні","Про компанію Формула Чистоти — клінінг у Черкасах","1"
"/kontakty","Контакти / локальний намір","200 (production build)","Так","https://www.formula-chistoty.ck.ua/kontakty","Так","Контакти клінінгової компанії Формула Чистоти у Черкасах","61","Ні","Контакти клінінгової компанії Формула Чистоти у Черкасах","1"
"/prybyrannya-kvartyr-cherkasy","Прибирання квартир Черкаси","200 (production build)","Так","https://www.formula-chistoty.ck.ua/prybyrannya-kvartyr-cherkasy","Так","Прибирання квартир у Черкасах","61","Ні","Прибирання квартир у Черкасах — ціни від 55 грн/м² | Формула Чистоти","1"
"/generalne-prybyrannya-cherkasy","Генеральне прибирання приміщень Черкаси","200 (production build)","Так","https://www.formula-chistoty.ck.ua/generalne-prybyrannya-cherkasy","Так","Генеральне прибирання приміщень у Черкасах","61","Ні","Генеральне прибирання приміщень у Черкасах | Формула Чистоти","1"
"/pidtrymuyuche-prybyrannya-kvartyr-cherkasy","Підтримуюче прибирання квартири Черкаси","200 (production build)","Так","https://www.formula-chistoty.ck.ua/pidtrymuyuche-prybyrannya-kvartyr-cherkasy","Так","Підтримуюче прибирання квартири у Черкасах","7","Ні","Підтримуюче прибирання квартири у Черкасах — від 55 грн/м² | Формула Чистоти","1"
"/generalne-prybyrannya-kvartyry-cherkasy","Генеральне прибирання квартири Черкаси","200 (production build)","Так","https://www.formula-chistoty.ck.ua/generalne-prybyrannya-kvartyry-cherkasy","Так","Генеральне прибирання квартири у Черкасах","61","Ні","Генеральне прибирання квартири у Черкасах — від 100 грн/м² | Формула Чистоти","1"
"/generalne-prybyrannya-kuhni-cherkasy","Генеральне прибирання кухні Черкаси","200 (production build)","Так","https://www.formula-chistoty.ck.ua/generalne-prybyrannya-kuhni-cherkasy","Так","Генеральне прибирання кухні у Черкасах","6","Ні","Генеральне прибирання кухні у Черкасах — від 4000 грн | Формула Чистоти","1"
"/prybyrannya-pislya-remontu-cherkasy","Прибирання після ремонту та будівництва Черкаси","200 (production build)","Так","https://www.formula-chistoty.ck.ua/prybyrannya-pislya-remontu-cherkasy","Так","Прибирання після ремонту та будівництва у Черкасах","61","Ні","Прибирання після ремонту у Черкасах — від 120 грн/м² | Формула Чистоти","1"
"/prybyrannya-pislya-potopu-cherkasy","Прибирання після потопу Черкаси","200 (production build)","Так","https://www.formula-chistoty.ck.ua/prybyrannya-pislya-potopu-cherkasy","Так","Прибирання після потопу у Черкасах","61","Ні","Прибирання після потопу Черкаси — клінінг після затоплення | Формула Чистоти","1"
"/prybyrannya-pislya-pozhezhi-cherkasy","Прибирання після пожежі Черкаси","200 (production build)","Так","https://www.formula-chistoty.ck.ua/prybyrannya-pislya-pozhezhi-cherkasy","Так","Прибирання після пожежі у Черкасах","61","Ні","Прибирання після пожежі у Черкасах | Формула Чистоти","1"
"/prybyrannya-prylegloyi-terytoriyi-cherkasy","Прибирання прилеглої території Черкаси","200 (production build)","Так","https://www.formula-chistoty.ck.ua/prybyrannya-prylegloyi-terytoriyi-cherkasy","Так","Прибирання прилеглої території у Черкасах","3","Ні","Прибирання прилеглої території Черкаси | Формула Чистоти","1"
"/prybyrannya-budynkiv-cherkasy","Прибирання будинків Черкаси","200 (production build)","Так","https://www.formula-chistoty.ck.ua/prybyrannya-budynkiv-cherkasy","Так","Прибирання будинків у Черкасах","61","Ні","Прибирання будинків у Черкасах | Формула Чистоти","1"
"/himchystka-mebliv-cherkasy","Хімчистка м’яких меблів Черкаси","200 (production build)","Так","https://www.formula-chistoty.ck.ua/himchystka-mebliv-cherkasy","Так","Хімчистка м’яких меблів у Черкасах","61","Ні","Хімчистка м’яких меблів у Черкасах — дивани, матраци, крісла | Формула Чистоти","1"
"/himchystka-dyvana-cherkasy","Хімчистка дивана Черкаси","200 (production build)","Так","https://www.formula-chistoty.ck.ua/himchystka-dyvana-cherkasy","Так","Хімчистка дивана у Черкасах","9","Ні","Хімчистка дивана у Черкасах — від 1300 грн | Формула Чистоти","1"
"/himchystka-matratsa-cherkasy","Хімчистка матраца Черкаси","200 (production build)","Так","https://www.formula-chistoty.ck.ua/himchystka-matratsa-cherkasy","Так","Хімчистка матраца у Черкасах","9","Ні","Хімчистка матраца у Черкасах — односпальні та двоспальні | Формула Чистоти","1"
"/himchystka-avto-cherkasy","Хімчистка авто Черкаси","200 (production build)","Так","https://www.formula-chistoty.ck.ua/himchystka-avto-cherkasy","Так","Хімчистка авто у Черкасах","5","Ні","Хімчистка авто у Черкасах — салон, сидіння, запахи | Формула Чистоти","1"
"/myttya-vikon-cherkasy","Миття вікон Черкаси","200 (production build)","Так","https://www.formula-chistoty.ck.ua/myttya-vikon-cherkasy","Так","Миття вікон у Черкасах","61","Ні","Миття вікон у Черкасах — від 160 грн/м² | Формула Чистоти","1"
"/prybyrannya-komertsiynykh-prymishchen-cherkasy","Прибирання комерційних приміщень Черкаси","200 (production build)","Так","https://www.formula-chistoty.ck.ua/prybyrannya-komertsiynykh-prymishchen-cherkasy","Так","Прибирання комерційних приміщень у Черкасах","61","Ні","Прибирання комерційних приміщень у Черкасах | Формула Чистоти","1"
"/prybyrannya-ofisiv-cherkasy","Прибирання офісів Черкаси","200 (production build)","Так","https://www.formula-chistoty.ck.ua/prybyrannya-ofisiv-cherkasy","Так","Прибирання офісів у Черкасах","10","Ні","Прибирання офісів у Черкасах | Формула Чистоти","1"
"/rehulyarne-prybyrannya-biznesu-cherkasy","Регулярне клінінгове обслуговування бізнесу","200 (production build)","Так","https://www.formula-chistoty.ck.ua/rehulyarne-prybyrannya-biznesu-cherkasy","Так","Регулярне клінінгове обслуговування бізнесу","11","Ні","Регулярне прибирання для бізнесу в Черкасах | Формула Чистоти","1"
"/prybyrannya-mahazyniv-supermarketiv-cherkasy","Клінінг магазинів, супермаркетів і торгових залів","200 (production build)","Так","https://www.formula-chistoty.ck.ua/prybyrannya-mahazyniv-supermarketiv-cherkasy","Так","Клінінг магазинів, супермаркетів і торгових залів","4","Ні","Прибирання магазинів і супермаркетів у Черкасах | Формула Чистоти","1"
"/prybyrannya-restoraniv-kafe-cherkasy","Професійне прибирання ресторанів і кафе","200 (production build)","Так","https://www.formula-chistoty.ck.ua/prybyrannya-restoraniv-kafe-cherkasy","Так","Професійне прибирання ресторанів і кафе","4","Ні","Прибирання ресторанів і кафе у Черкасах | Формула Чистоти","1"
"/prybyrannya-vyrobnychykh-prymishchen-cherkasy","Професійне прибирання виробничих приміщень","200 (production build)","Так","https://www.formula-chistoty.ck.ua/prybyrannya-vyrobnychykh-prymishchen-cherkasy","Так","Професійне прибирання виробничих приміщень","4","Ні","Прибирання виробничих приміщень у Черкасах | Формула Чистоти","1"
"/prybyrannya-skladiv-cherkasy","Прибирання складських приміщень","200 (production build)","Так","https://www.formula-chistoty.ck.ua/prybyrannya-skladiv-cherkasy","Так","Прибирання складських приміщень","4","Ні","Прибирання складів у Черкасах | Формула Чистоти","1"
"/prybyrannya-medychnykh-tsentriv-cherkasy","Професійне прибирання медичних приміщень","200 (production build)","Так","https://www.formula-chistoty.ck.ua/prybyrannya-medychnykh-tsentriv-cherkasy","Так","Професійне прибирання медичних приміщень","3","Ні","Прибирання медичних центрів у Черкасах | Формула Чистоти","1"
"/himchystka-kylymiv-cherkasy","Хімчистка килимів Черкаси","200 (production build)","Так","https://www.formula-chistoty.ck.ua/himchystka-kylymiv-cherkasy","Так","Хімчистка килимів у Черкасах","3","Ні","Хімчистка килимів у Черкасах — килими та ковролін | Формула Чистоти","1"
"/himchystka-stiltsiv-cherkasy","Хімчистка стільців Черкаси","200 (production build)","Так","https://www.formula-chistoty.ck.ua/himchystka-stiltsiv-cherkasy","Так","Хімчистка стільців у Черкасах","6","Ні","Хімчистка стільців у Черкасах — від 300 грн | Формула Чистоти","1"
"/himchystka-krisel-cherkasy","Хімчистка крісел Черкаси","200 (production build)","Так","https://www.formula-chistoty.ck.ua/himchystka-krisel-cherkasy","Так","Хімчистка крісел у Черкасах","6","Ні","Хімчистка крісел у Черкасах — від 700 грн | Формула Чистоти","1"
"/himchystka-kovrolinu-cherkasy","Хімчистка ковроліну Черкаси","200 (production build)","Так","https://www.formula-chistoty.ck.ua/himchystka-kovrolinu-cherkasy","Так","Хімчистка ковроліну у Черкасах","6","Ні","Хімчистка ковроліну у Черкасах — від 90 грн/м² | Формула Чистоти","1"
"/dezinfektsiya-prymishchen-cherkasy","Дезінфекція та прибирання після трупу Черкаси","200 (production build)","Так","https://www.formula-chistoty.ck.ua/dezinfektsiya-prymishchen-cherkasy","Так","Дезінфекція та прибирання після трупу у Черкасах","6","Ні","Дезінфекція та прибирання після трупу у Черкасах | Формула Чистоти","1"
"/myttya-fasadiv-cherkasy","Миття фасадів Черкаси","200 (production build)","Так","https://www.formula-chistoty.ck.ua/myttya-fasadiv-cherkasy","Так","Миття фасадів у Черкасах","5","Ні","Миття фасадів у Черкасах — від 70 грн/м² | Формула Чистоти","1"
"/myttya-plytky-cherkasy","Миття тротуарної плитки Черкаси","200 (production build)","Так","https://www.formula-chistoty.ck.ua/myttya-plytky-cherkasy","Так","Миття тротуарної плитки у Черкасах","7","Ні","Миття тротуарної плитки у Черкасах — від 70 грн/м² | Формула Чистоти","1"
"/blog/skilky-koshtuye-klining-u-cherkasakh-2026","Інформаційний: Скільки коштує клінінг у Черкасах у 2026 році","200 (production build)","Так","https://www.formula-chistoty.ck.ua/blog/skilky-koshtuye-klining-u-cherkasakh-2026","Так","Скільки коштує клінінг у Черкасах у 2026 році","2","Ні","Скільки коштує клінінг у Черкасах у 2026 році | Формула Чистоти","1"
"/blog/yak-pidgotuvaty-kvartyru-do-prybyrannya-cherkasy","Інформаційний: Як підготувати квартиру до професійного прибирання","200 (production build)","Так","https://www.formula-chistoty.ck.ua/blog/yak-pidgotuvaty-kvartyru-do-prybyrannya-cherkasy","Так","Як підготувати квартиру до професійного прибирання","2","Ні","Як підготувати квартиру до професійного прибирання у Черкасах | Формула Чистоти","1"
"/blog/prybyrannya-kvartyr-cherkasy","Інформаційний: Що входить у професійне прибирання квартири у Черкасах","200 (production build)","Так","https://www.formula-chistoty.ck.ua/blog/prybyrannya-kvartyr-cherkasy","Так","Що входить у професійне прибирання квартири у Черкасах","2","Ні","Що входить у професійне прибирання квартири у Черкасах | Формула Чистоти","1"
"/blog/skilky-koshtuye-prybyrannya-pislya-remontu-u-cherkasakh","Інформаційний: Скільки коштує прибирання після ремонту у Черкасах","200 (production build)","Так","https://www.formula-chistoty.ck.ua/blog/skilky-koshtuye-prybyrannya-pislya-remontu-u-cherkasakh","Так","Скільки коштує прибирання після ремонту у Черкасах","3","Ні","Скільки коштує прибирання після ремонту у Черкасах | Формула Чистоти","1"
"/blog/shcho-vkhodyt-u-generalne-prybyrannya-kvartyry","Інформаційний: Що входить у генеральне прибирання квартири","200 (production build)","Так","https://www.formula-chistoty.ck.ua/blog/shcho-vkhodyt-u-generalne-prybyrannya-kvartyry","Так","Що входить у генеральне прибирання квартири","2","Ні","Що входить у генеральне прибирання квартири у Черкасах | Формула Чистоти","1"
"/blog/yak-obraty-kliningovu-kompaniyu-u-cherkasakh","Інформаційний: Як обрати клінінгову компанію у Черкасах","200 (production build)","Так","https://www.formula-chistoty.ck.ua/blog/yak-obraty-kliningovu-kompaniyu-u-cherkasakh","Так","Як обрати клінінгову компанію у Черкасах","2","Ні","Як обрати клінінгову компанію у Черкасах | Формула Чистоти","1"
"/blog/chomu-budivelnyi-pyl-nebezpechnyi-pislya-remontu","Інформаційний: Чому будівельний пил небезпечний після ремонту","200 (production build)","Так","https://www.formula-chistoty.ck.ua/blog/chomu-budivelnyi-pyl-nebezpechnyi-pislya-remontu","Так","Чому будівельний пил небезпечний після ремонту","2","Ні","Чому будівельний пил небезпечний після ремонту | Формула Чистоти","1"
"/blog/yak-pidgotuvaty-kvartyru-do-prybyrannya","Інформаційний: Як підготувати квартиру до прибирання клінінговою компанією","200 (production build)","Так","https://www.formula-chistoty.ck.ua/blog/yak-pidgotuvaty-kvartyru-do-prybyrannya","Так","Як підготувати квартиру до прибирання клінінговою компанією","2","Ні","Як підготувати квартиру до клінінгу | Формула Чистоти","1"
"/blog/generalne-ta-pidtrymuyuche-prybyrannya-riznytsya","Інформаційний: Чим відрізняється генеральне прибирання від підтримуючого","200 (production build)","Так","https://www.formula-chistoty.ck.ua/blog/generalne-ta-pidtrymuyuche-prybyrannya-riznytsya","Так","Чим відрізняється генеральне прибирання від підтримуючого","2","Ні","Генеральне чи підтримуюче прибирання: різниця | Формула Чистоти","1"
"/blog/yak-chasto-potribno-robyty-himchystku-dyvana","Інформаційний: Як часто потрібно робити хімчистку дивана","200 (production build)","Так","https://www.formula-chistoty.ck.ua/blog/yak-chasto-potribno-robyty-himchystku-dyvana","Так","Як часто потрібно робити хімчистку дивана","4","Ні","Як часто робити хімчистку дивана у Черкасах | Формула Чистоти","1"
"/blog/myttya-vikon-pislya-remontu","Інформаційний: Миття вікон після ремонту: що важливо знати","200 (production build)","Так","https://www.formula-chistoty.ck.ua/blog/myttya-vikon-pislya-remontu","Так","Миття вікон після ремонту: що важливо знати","3","Ні","Миття вікон після ремонту у Черкасах | Формула Чистоти","1"
"/blog/prybyrannya-kvartyry-pislya-orendariv","Інформаційний: Прибирання квартири після орендарів: що входить у послугу","200 (production build)","Так","https://www.formula-chistoty.ck.ua/blog/prybyrannya-kvartyry-pislya-orendariv","Так","Прибирання квартири після орендарів: що входить у послугу","2","Ні","Прибирання квартири після орендарів | Формула Чистоти","1"
"/blog/yak-prybraty-kvartyru-pered-prodazhem-orendoyu","Інформаційний: Як прибрати квартиру перед продажем або здачею в оренду","200 (production build)","Так","https://www.formula-chistoty.ck.ua/blog/yak-prybraty-kvartyru-pered-prodazhem-orendoyu","Так","Як прибрати квартиру перед продажем або здачею в оренду","2","Ні","Прибирання квартири перед продажем або орендою | Формула Чистоти","1"
"/blog/yaki-zasoby-vykorystovuyut-profesiyni-klinery","Інформаційний: Які засоби використовують професійні клінери","200 (production build)","Так","https://www.formula-chistoty.ck.ua/blog/yaki-zasoby-vykorystovuyut-profesiyni-klinery","Так","Які засоби використовують професійні клінери","2","Ні","Професійні засоби для клінінгу | Формула Чистоти","1"
"/blog/yak-prybyraty-ofis-shchodnya","Інформаційний: Як прибирати офіс, щоб він виглядав охайно щодня","200 (production build)","Так","https://www.formula-chistoty.ck.ua/blog/yak-prybyraty-ofis-shchodnya","Так","Як прибирати офіс, щоб він виглядав охайно щодня","2","Ні","Щоденне прибирання офісу | Формула Чистоти","1"
"/blog/himchystka-matratsa-koly-potribna","Інформаційний: Хімчистка матраца: коли вона потрібна","200 (production build)","Так","https://www.formula-chistoty.ck.ua/blog/himchystka-matratsa-koly-potribna","Так","Хімчистка матраца: коли вона потрібна","2","Ні","Коли потрібна хімчистка матраца — ознаки та поради | Формула Чистоти","1"
"/blog/prybyrannya-budynku-pislya-remontu","Інформаційний: Прибирання будинку після ремонту: чому це складніше, ніж квартира","200 (production build)","Так","https://www.formula-chistoty.ck.ua/blog/prybyrannya-budynku-pislya-remontu","Так","Прибирання будинку після ремонту: чому це складніше, ніж квартира","2","Ні","Прибирання будинку після ремонту | Формула Чистоти","1"
"/blog/yak-doglyadaty-za-plytkoyu-pislya-remontu","Інформаційний: Як доглядати за плиткою після ремонту","200 (production build)","Так","https://www.formula-chistoty.ck.ua/blog/yak-doglyadaty-za-plytkoyu-pislya-remontu","Так","Як доглядати за плиткою після ремонту","2","Ні","Догляд за плиткою після ремонту | Формула Чистоти","1"
"/blog/top-pomylok-pry-prybyranni-pislya-remontu","Інформаційний: ТОП-10 помилок при самостійному прибиранні після ремонту","200 (production build)","Так","https://www.formula-chistoty.ck.ua/blog/top-pomylok-pry-prybyranni-pislya-remontu","Так","ТОП-10 помилок при самостійному прибиранні після ремонту","2","Ні","Помилки при прибиранні після ремонту | Формула Чистоти","1"
"/blog/oznaky-profesiynoyi-kliningovoyi-kompaniyi","Інформаційний: Як зрозуміти, що клінінгова компанія працює професійно","200 (production build)","Так","https://www.formula-chistoty.ck.ua/blog/oznaky-profesiynoyi-kliningovoyi-kompaniyi","Так","Як зрозуміти, що клінінгова компанія працює професійно","2","Ні","Ознаки професійної клінінгової компанії | Формула Чистоти","1"
"/blog/klinerka-chy-kliningova-kompaniya","Інформаційний: Клінінгова компанія чи приватний клінер: що краще для квартири у Черкасах","200 (production build)","Так","https://www.formula-chistoty.ck.ua/blog/klinerka-chy-kliningova-kompaniya","Так","Клінінгова компанія чи приватний клінер: що краще для квартири у Черкасах","2","Ні","Клінінгова компанія чи приватний клінер у Черкасах | Формула Чистоти","1"
"/blog/yak-pidgotuvaty-ofis-do-regulyarnogo-kliningu","Інформаційний: Як підготувати офіс до регулярного клінінгу","200 (production build)","Так","https://www.formula-chistoty.ck.ua/blog/yak-pidgotuvaty-ofis-do-regulyarnogo-kliningu","Так","Як підготувати офіс до регулярного клінінгу","2","Ні","Підготовка офісу до регулярного клінінгу | Формула Чистоти","1"
"/blog/razove-chy-regulyarne-prybyrannya","Інформаційний: Коли потрібне разове прибирання, а коли регулярне","200 (production build)","Так","https://www.formula-chistoty.ck.ua/blog/razove-chy-regulyarne-prybyrannya","Так","Коли потрібне разове прибирання, а коли регулярне","2","Ні","Разове чи регулярне прибирання | Формула Чистоти","1"
